Time,Fx_True,Fy_True,Fz_True,Fx_Predict,Fy_Predict,Fz_Predict,Fx_Error,Fy_Error,Fz_Error
13.496220699998958,0.0,0.0,0.009414348826563447,0.24266529,0.46675682,1.3873523,0.24266529,0.46675682,1.377938
13.772833600000013,-0.0,-0.0,0.009414348826563447,0.09592247,0.38027954,1.6091002,0.09592247,0.38027954,1.5996859
13.965730899999471,-0.0,-0.0,0.009414348826563447,0.14168358,0.42298317,1.5637219,0.14168358,0.42298317,1.5543076
14.132365999998001,-0.0,-0.0,0.009414348826563447,0.13259459,0.3953247,1.7443174,0.13259459,0.3953247,1.7349031
14.30476759999874,-0.0,-0.0,0.009414348826563447,0.123123646,0.38564777,1.5455258,0.123123646,0.38564777,1.5361115
14.472477399998752,-0.0,-0.0,0.009414348826563447,0.052699566,0.34364128,1.3482319,0.052699566,0.34364128,1.3388176
14.682693599999766,-0.0,-0.0,0.009414348826563447,0.14281654,0.40980625,1.4737087,0.14281654,0.40980625,1.4642944
14.882974000000104,-0.0,-0.0,0.009414348826563447,0.15066147,0.42751694,1.421663,0.15066147,0.42751694,1.4122487
15.058800200000405,-0.0,-0.0,0.009414348826563447,0.24506187,0.48820734,1.6768978,0.24506187,0.48820734,1.6674834
15.228726099998312,-0.0,-0.0,0.009414348826563447,0.32775164,0.5109873,1.763617,0.32775164,0.5109873,1.7542027
15.43346609999935,-0.0,-0.0,0.009512415453361997,0.29459095,0.5037508,1.7351228,0.29459095,0.5037508,1.7256104
15.634346700000606,-0.0,-0.0,0.018828697653126895,0.2365179,0.4831643,1.712645,0.2365179,0.4831643,1.6938163
15.81120589999773,-0.0,-0.0,0.005982034424205809,0.25441456,0.47086716,1.7727654,0.25441456,0.47086716,1.7667834
16.01473199999964,-0.0,-0.0,0.012160200932969278,0.21168232,0.36641407,2.0835855,0.21168232,0.36641407,2.0714252
16.22593810000035,-0.0,-0.0,0.2947867989834698,0.15233755,0.39214325,1.765584,0.15233755,0.39214325,1.4707972
16.42395530000067,-0.0,-0.0,0.5031773562673186,0.13072443,0.52397156,1.8510498,0.13072443,0.52397156,1.3478725
16.62303569999858,-0.0,-0.0,0.03000823699426844,0.19285583,0.42173624,1.9959583,0.19285583,0.42173624,1.9659501
16.8385973000004,0.13565685143678574,0.0,0.19269995310997406,0.20198298,0.38474083,2.6025345,0.06632613,0.38474083,2.4098346
17.030231400000048,0.13741027030874495,0.0,1.1193268680583732,0.13503265,0.2359271,2.9678812,-0.0023776144,0.2359271,1.8485544
17.211135800000193,0.13478013732464836,0.0,1.5826893597227518,0.025036812,0.10435963,3.4129298,-0.10974333,0.10435963,1.8302404
17.42009279999911,0.20754716547184637,0.0,1.7667595385214507,0.014621735,0.081841946,3.6060617,-0.19292544,0.081841946,1.8393022
17.606600600000093,0.3565880782147918,0.0,2.461558020896285,0.066607475,0.08439493,3.9268992,-0.2899806,0.08439493,1.4653411
17.79855619999944,0.34256068982985605,0.0,2.802632178881672,0.17970324,0.009081364,4.4660277,-0.16285744,0.009081364,1.6633956
17.981977100000222,0.3188894929729868,0.0,3.2634448552474886,0.22556114,-0.026944637,5.564484,-0.09332836,-0.026944637,2.3010392
18.162266100000124,0.35132781224659865,0.0,3.6398227323393617,0.19905853,-0.05770731,5.0672984,-0.15226927,-0.05770731,1.4274757
18.363357399997767,0.3574648016792447,0.0,3.995900847494441,0.26274252,-0.14073801,5.3904014,-0.09472227,-0.14073801,1.3945005
18.53791529999944,0.3706154665997276,0.0,4.287353415068904,0.32430696,-0.102304935,5.517421,-0.046308488,-0.102304935,1.2300673
18.723144600000523,0.39779351990514633,0.0,4.633723078547297,0.39646053,-0.09125662,6.319498,-0.0013329983,-0.09125662,1.6857748
18.991864699997677,0.4109441848256292,0.0,4.815145429780969,0.51847076,-0.044154167,6.2520123,0.10752657,-0.044154167,1.4368668
19.180976499999815,0.31713608345334304,0.0,5.03226399809813,0.46913385,-0.17477703,6.296713,0.15199777,-0.17477703,1.2644486
19.392985799997405,0.31275252224497174,0.0,5.164555119527297,0.6510544,-0.22768593,6.9485245,0.33830187,-0.22768593,1.7839694
19.57981849999851,0.2803142029713599,0.0,5.78109686743052,0.52321863,-0.13533688,6.903748,0.24290442,-0.13533688,1.1226511
19.76692379999804,0.2820676311956346,0.0,6.061075565435549,0.6953149,-0.32347536,6.980223,0.41324726,-0.32347536,0.9191475
19.947703099998762,0.33730042386166287,0.0,6.132860048668385,0.4405365,-0.28417635,6.768983,0.10323608,-0.28417635,0.6361227
20.1685112999985,0.08656102014645699,0.0,6.275154107484775,0.47622156,0.023127079,5.7267494,0.38966054,0.023127079,-0.5484047
20.5204049999993,-0.0,-0.0,2.3891853144276127,0.007209778,0.15209436,1.9392297,0.007209778,0.15209436,-0.4499557
20.686896199997136,-0.0,-0.0,0.004707174413281724,0.19404697,0.34573603,1.5930977,0.19404697,0.34573603,1.5883905
20.871664399997826,-0.0,-0.0,0.009218216742005788,0.26584625,0.40879822,1.5493665,0.26584625,0.40879822,1.5401483
21.040736999999353,-0.0,-0.0,0.009218216742005788,0.19725323,0.41382837,1.3999176,0.19725323,0.41382837,1.3906994
21.229291499999817,-0.0,-0.0,0.009316282784284619,0.27723217,0.4600153,1.5908167,0.27723217,0.4600153,1.5815004
21.427829599997494,-0.0,-0.0,0.009316282784284619,0.2936659,0.47682285,1.5618676,0.2936659,0.47682285,1.5525513
21.585635100000218,-0.0,-0.0,0.009316282784284619,0.31618786,0.5254383,1.6218395,0.31618786,0.5254383,1.6125232
21.750835200000438,-0.0,-0.0,0.009218216742005788,0.27267027,0.4755001,1.7653253,0.27267027,0.4755001,1.7561071
21.930245399998967,-0.0,-0.0,0.06011454236889458,0.23189354,0.40986967,1.9162148,0.23189354,0.40986967,1.8561003
22.11562099999719,-0.0,-0.0,0.7006825103777723,0.0144405365,0.105986595,3.3135197,0.0144405365,0.105986595,2.6128373
22.300204600000143,0.16546503772630103,0.0,2.0021182644462145,0.03831768,0.055015564,3.7892616,-0.12714736,0.055015564,1.7871432
22.480649400000402,0.43812223813104795,0.0,2.589044147075913,0.10599232,0.06291294,4.1591864,-0.33212993,0.06291294,1.5701423
22.677938799999538,0.23560192353708695,0.0,3.6008904644550097,0.25836086,-0.15913916,4.9662266,0.022758946,-0.15913916,1.3653362
22.8359309999978,0.16283490474220444,0.0,4.306280107452904,0.30062628,-0.19663,5.5513735,0.13779138,-0.19663,1.2450933
23.055273800000577,0.23998548474545825,0.0,4.8624130797892136,0.31367302,-0.2307024,6.00321,0.07368754,-0.2307024,1.1407971
23.253368699999555,0.2978484291002141,0.0,5.299788105320885,0.51984215,-0.38401842,6.0463,0.22199371,-0.38401842,0.74651194
23.430806000000302,0.2592731390985872,0.0,5.834738756411074,0.6200638,-0.39635468,6.357064,0.36079064,-0.39635468,0.52232504
23.67919079999774,0.38814967402395084,0.0,6.517965955498201,0.6780205,-0.3471012,6.843669,0.2898708,-0.3471012,0.32570314
23.888947799998277,0.3890263974884037,0.0,7.1973678330892925,0.58420897,-0.2886448,6.799676,0.19518256,-0.2886448,-0.39769173
24.080300599998736,-0.0,-0.0,7.159808335483638,0.3060794,0.026382446,4.72472,0.3060794,0.026382446,-2.4350882
24.27514979999978,-0.0,-0.0,2.8327382551245686,0.09494877,0.18480492,2.1779463,0.09494877,0.18480492,-0.65479183
24.456570199999987,-0.0,-0.0,0.19613227160396973,0.18424606,0.27279568,1.750207,0.18424606,0.27279568,1.5540746
24.64877870000055,-0.0,-0.0,0.004216843909627716,0.23062706,0.4001732,1.5538857,0.23062706,0.4001732,1.5496689
24.856858799998008,-0.0,-0.0,0.009218216742005788,0.21906137,0.37133217,1.4781249,0.21906137,0.37133217,1.4689066
25.052815699997154,-0.0,-0.0,0.00912015069972696,0.2559309,0.46487093,1.4536929,0.2559309,0.46487093,1.4445728
25.26594660000046,-0.0,-0.0,0.00912015069972696,0.2396326,0.47494936,1.4646473,0.2396326,0.47494936,1.4555272
25.44651299999896,-0.0,-0.0,0.00912015069972696,0.32091665,0.48641586,1.4179124,0.32091665,0.48641586,1.4087923
25.65318969999862,-0.0,-0.0,0.00912015069972696,0.33180618,0.4258995,1.8397031,0.33180618,0.4258995,1.830583
25.879323499997554,0.22946495280907192,0.0,0.2512454481547229,0.10791206,-0.057830334,3.7928395,-0.121552885,-0.057830334,3.541594
26.078791299998556,0.38551954103985425,0.0,2.2261992949715212,0.17139626,-0.20068693,4.8228035,-0.21412328,-0.20068693,2.596604
26.289475699999457,0.4959851637811728,0.0,4.351880800746008,0.2592063,-0.318573,5.69783,-0.23677886,-0.318573,1.3459492
26.48281279999719,0.5687522012806863,0.0,5.652532307045685,0.30448866,-0.23970509,5.860334,-0.26426357,-0.23970509,0.20780182
26.710418200000277,0.6669438451567128,0.0,6.412936908576926,0.51590395,-0.2022357,6.5996666,-0.1510399,-0.2022357,0.18672991
26.92714689999775,0.5976836641057487,0.0,6.835111503494832,0.34127617,-0.249784,6.142543,-0.2564075,-0.249784,-0.6925688
27.132705500000156,0.6476562282128459,0.0,6.55532912929683,0.37193727,-0.08667183,6.5585613,-0.27571893,-0.08667183,0.0032320023
27.33975929999724,0.5976836641057487,0.0,6.481779527445341,0.4737835,-0.3442526,6.61165,-0.123900175,-0.3442526,0.12987041
27.541769600000407,0.6432726857091056,0.0,6.626328915849756,0.5724883,-0.2487278,6.8466945,-0.07078439,-0.2487278,0.22036552
27.730379199998424,0.6125877759551374,0.0,6.708410223632161,0.5920639,-0.23098278,7.156152,-0.020523846,-0.23098278,0.4477415
27.96589049999966,0.6388891432053653,0.0,6.739987232057269,0.5104737,-0.25399113,6.8247375,-0.1284154,-0.25399113,0.084750175
28.17703029999757,0.7511081754663275,0.0,6.689581693151674,0.30568075,-0.10997248,6.4304852,-0.44542742,-0.10997248,-0.25909662
28.37205129999711,0.577519323697429,0.0,6.677617313338772,0.43694305,-0.06608868,7.204525,-0.14057624,-0.06608868,0.52690744
28.605266200000187,0.582779589665622,0.0,6.704585500684318,0.8509898,-0.049733162,8.091941,0.26821023,-0.049733162,1.3873553
28.801602999999886,0.5731357811936886,0.0,6.7363588329164505,0.5643358,-0.12940216,7.337441,-0.00879997,-0.12940216,0.6010823
29.013106499998685,0.48108108934104615,0.0,6.616129654655507,0.3077402,-0.08458376,6.867142,-0.17334089,-0.08458376,0.25101233
29.26617819999956,0.4916016212774325,0.0,6.663790251551897,0.28778505,-0.19423008,6.75448,-0.20381656,-0.19423008,0.09068966
29.49199260000023,0.48546463184478644,0.0,6.6478054235323185,0.41179657,-0.28880835,7.0391965,-0.07366806,-0.28880835,0.39139128
29.73305519999849,0.589793265153459,0.0,6.767936439889749,0.46167564,-0.095339775,7.2692685,-0.12811762,-0.095339775,0.5013323
30.001142199998867,0.444259190154432,0.0,6.706645105013509,0.49903297,-0.21208477,7.296274,0.054773778,-0.21208477,0.5896292
30.31150820000039,-0.0,-0.0,6.875809189271933,0.38419533,0.018084526,5.2402782,0.38419533,0.018084526,-1.635531
30.511128699999972,-0.0,-0.0,0.906131109774045,0.1288743,0.19433308,1.9066173,0.1288743,0.19433308,1.0004861
30.693479800000205,-0.0,-0.0,0.007649158311985355,-0.010462761,0.20530987,1.5182675,-0.010462761,0.20530987,1.5106183
30.874456599998666,-0.0,-0.0,0.009022084657448129,0.08048916,0.2508855,1.3617041,0.08048916,0.2508855,1.352682
31.06015959999786,-0.0,-0.0,0.0089240186151693,0.12957048,0.29153252,1.4713466,0.12957048,0.29153252,1.4624226
31.26158039999791,-0.0,-0.0,0.0089240186151693,0.11175203,0.3065691,1.4166901,0.11175203,0.3065691,1.4077661
31.465184199998475,-0.0,-0.0,0.009022084657448129,0.14142942,0.29477835,1.3313599,0.14142942,0.29477835,1.3223377
31.72306699999899,-0.0,-0.0,0.009022084657448129,0.20509529,0.34685183,1.3985277,0.20509529,0.34685183,1.3895056
31.931347099998675,-0.0,-0.0,0.009022084657448129,0.21287632,0.38920975,1.4769659,0.21287632,0.38920975,1.4679438
32.2001949000005,0.08568430603431963,0.0,0.00872788594609192,0.1939292,0.09523392,3.139751,0.10824489,0.09523392,3.1310232
32.45487839999987,0.3223963494215362,0.0,2.1127368536598894,0.20325422,-0.22418928,4.519727,-0.119142115,-0.22418928,2.4069903
32.68173050000041,0.04360216426030103,0.0,4.171537332628687,0.4126811,-0.41387272,5.4930453,0.36907893,-0.41387272,1.3215079
32.87764379999862,-0.0,-0.0,5.163280211878016,0.4101925,-0.6544533,6.5620065,0.4101925,-0.6544533,1.3987265
33.07733879999796,-0.0,-0.0,5.502000429460723,0.6994004,-0.6924434,6.952501,0.6994004,-0.6924434,1.4505005
33.290504199998395,-0.0,-0.0,5.673616167114196,0.655221,-0.7601862,6.7798953,0.655221,-0.7601862,1.1062794
33.482095199997275,-0.0,-0.0,6.178461041235584,0.79919386,-0.5532074,7.1269126,0.79919386,-0.5532074,0.9484515
33.69295179999972,-0.0,-0.0,6.485799975652018,0.7586794,-0.51127386,7.4135656,0.7586794,-0.51127386,0.92776585
33.88553150000007,0.0032734474956986953,0.0,6.724296889748228,0.7783408,-0.587862,7.5215154,0.7750674,-0.587862,0.7972183
34.13325989999794,-0.0,-0.0,6.948475932539999,0.6260443,-0.41408253,7.0281677,0.6260443,-0.41408253,0.07969189
34.32637379999869,0.023437807485429087,0.0,6.937002362244661,0.661654,-0.40602398,7.2172623,0.6382162,-0.40602398,0.2802601
34.586678600000596,0.036588474743990886,0.0,6.764503766007765,0.62253666,-0.58321905,7.315714,0.58594817,-0.58321905,0.5512099
34.774452499998006,0.11461577821169756,0.0,6.740478041574832,0.6409588,-0.384799,7.343519,0.526343,-0.384799,0.6030412
34.98280849999719,0.04973914434063156,0.0,6.829129612862477,0.7033224,-0.41368246,7.6446466,0.6535833,-0.41368246,0.81551695
35.20259729999816,-0.0,-0.0,6.743518067842766,0.6861582,-0.5554557,8.301486,0.6861582,-0.5554557,1.5579681
35.39298929999859,-0.0,-0.0,6.182579651345774,0.8742342,-0.497272,6.812539,0.8742342,-0.497272,0.6299596
35.60710819999804,-0.0,-0.0,4.548503582593445,0.089728355,0.017488003,3.849371,0.089728355,0.017488003,-0.69913244
35.80486749999909,-0.0,-0.0,1.5442474524448195,0.17507029,0.28390312,1.9255923,0.17507029,0.28390312,0.3813448
36.08603790000052,-0.0,-0.0,0.08708272971444042,0.19996881,0.2862072,1.6812909,0.19996881,0.2862072,1.5942081
36.273583499998495,-0.0,-0.0,0.009022084657448129,0.2457943,0.36677647,1.5856582,0.2457943,0.36677647,1.5766361
36.47548520000055,-0.0,-0.0,0.009022084657448129,0.26039886,0.33256054,1.4490814,0.26039886,0.33256054,1.4400593
36.68749679999746,-0.0,-0.0,0.009022084657448129,0.25900126,0.41266346,1.592699,0.25900126,0.41266346,1.5836769
36.88308529999995,-0.0,-0.0,0.004412975994185375,0.3717184,0.47989607,1.7872304,0.3717184,0.47989607,1.7828174
37.07446399999753,0.09357470498660939,0.0,0.07658965150021124,0.30953503,0.41255856,1.9185495,0.21596032,0.41255856,1.8419598
37.27786379999816,0.481957775396237,0.0,0.2596791231145445,0.36575127,0.397995,2.0871596,-0.1162065,0.397995,1.8274806
37.46529999999984,0.7405876435299412,0.0,0.5693719979336584,0.45871067,0.23456812,3.0164695,-0.28187698,0.23456812,2.4470975
37.68077359999734,0.9404777503212816,0.0,1.0872592745712748,0.42352152,0.111501694,3.3240895,-0.5169562,0.111501694,2.2368302
37.87212499999805,1.1833267831411443,0.0,1.5476798270527081,0.35735416,0.015012741,3.498752,-0.8259727,0.015012741,1.9510723
38.139430600000196,1.3139567837000445,0.0,1.8762013819893575,0.36937428,0.06644344,3.5513988,-0.94458246,0.06644344,1.6751974
38.38549799999964,1.4147786353786918,0.0,2.217667589040604,0.43407202,0.06804371,3.7139225,-0.9807066,0.06804371,1.4962549
38.582926099999895,1.426175741142483,0.0,2.194425962739389,0.5242996,0.067178726,3.895266,-0.9018761,0.067178726,1.70084
38.82695149999927,1.5103401462706216,0.0,2.1768720406340867,0.5746975,0.06731272,3.8238544,-0.9356426,0.06731272,1.6469824
39.022885399997904,1.6418467206569267,0.0,2.2416937623846804,0.64314413,0.08215189,3.9764972,-0.99870265,0.08215189,1.7348034
39.25796959999934,1.6742850399305387,0.0,2.3447613668802774,0.79751396,0.029821396,4.1563,-0.8767711,0.029821396,1.8115387
39.45939539999745,1.893462913302794,0.0,2.6876004938472695,1.0293446,0.05807638,4.710737,-0.86411834,0.05807638,2.0231366
39.6600471999991,1.9390519349061508,0.0,2.81096786027966,0.94840574,-0.081142426,4.833526,-0.99064624,-0.081142426,2.0225582
39.88864850000027,2.0249696373261474,0.0,2.9398266071009385,1.1348968,-0.034464836,5.1473804,-0.8900728,-0.034464836,2.2075539
40.115828999998485,2.1249146159032932,0.0,3.1391949295057713,1.27845,-0.1055994,5.254419,-0.84646463,-0.1055994,2.115224
40.47465509999893,2.260804957248911,0.0,3.2200016289129922,1.3321218,-0.09436703,5.309621,-0.92868304,-0.09436703,2.0896192
40.69222660000014,2.445791064418649,0.0,3.2116659475150042,1.4234214,0.006840229,5.339778,-1.0223696,0.006840229,2.128112
40.908304299999145,2.5851880003479817,0.0,3.425450003853693,1.4837446,0.045243263,5.530815,-1.1014433,0.045243263,2.105365
41.09648829999787,2.608859384251161,0.0,3.455262192934243,1.5138726,-0.035196304,5.5711775,-1.0949867,-0.035196304,2.1159153
41.35657209999772,2.6816263843414125,0.0,3.529400167658616,1.476058,0.0339756,5.438831,-1.2055683,0.0339756,1.9094307
41.59119879999707,2.8148865552936715,0.0,3.7073901442843993,1.520927,-0.0045046806,5.671267,-1.2939596,-0.0045046806,1.963877
41.82682679999925,2.8990508107847623,0.0,3.8799866031507118,1.7907124,-0.24348164,5.8850646,-1.1083384,-0.24348164,2.005078
42.0332441999999,3.027050640950304,0.0,3.9731494321625975,1.6754341,-0.17104149,5.6947093,-1.3516166,-0.17104149,1.7215598
42.289470199997595,3.0621189809802263,0.0,4.043659007746152,1.758306,-0.17212439,6.0567703,-1.303813,-0.17212439,2.013111
42.52154199999859,3.1769681088160233,0.0,4.233613064910742,2.0747519,-0.41592693,6.298327,-1.1022162,-0.41592693,2.064714
42.77101589999802,3.2698995989516426,0.0,4.232436319164973,1.9874835,-0.35774326,6.0842414,-1.2824161,-0.35774326,1.8518052
42.98088970000026,3.4101732583454285,0.0,4.207331412341593,2.055399,-0.4731841,6.242747,-1.3547742,-0.4731841,2.0354156
43.18683070000043,3.4592691738065966,0.0,4.257835412424796,2.3239307,-0.54277325,6.6366396,-1.1353385,-0.54277325,2.3788042
43.38000259999899,3.4478719184057574,0.0,4.237143601422143,2.2545223,-0.46606588,6.2764807,-1.1933496,-0.46606588,2.0393372
43.56763850000061,3.381241832929628,0.0,4.203604851297262,2.1884356,-0.43592358,6.1409426,-1.1928062,-0.43592358,1.9373379
43.767567099999724,3.462776067664408,0.0,4.274310451413746,2.2464566,-0.5808754,6.368741,-1.2163196,-0.5808754,2.0944304
43.99180779999733,3.462776067664408,0.0,4.254403037816907,2.3094325,-0.44549465,6.392107,-1.1533437,-0.44549465,2.137704
44.22465569999986,3.5995431324744787,0.0,4.345506561773698,2.196415,-0.35462952,6.4256153,-1.4031281,-0.35462952,2.0801086
44.46694389999902,3.789789281156837,0.0,4.453281149252368,2.3839288,-0.416893,6.3035445,-1.4058604,-0.416893,1.8502636
44.73462870000003,3.924802899038002,0.0,4.9078177485493875,2.3610206,-0.37105608,6.403336,-1.5637822,-0.37105608,1.4955182
44.96760259999792,4.04315892073161,0.0,4.998627086069736,2.369276,-0.34337425,6.4134793,-1.673883,-0.34337425,1.4148521
45.20196229999783,4.044912367660516,0.0,5.144451681397529,2.169695,-0.51173496,6.106681,-1.8752174,-0.51173496,0.96222925
45.43250309999712,4.077350686934128,0.0,5.165830027176578,2.1422434,-0.465168,5.8497753,-1.9351072,-0.465168,0.6839452
45.674895399999514,2.191544701379423,0.0,5.346957892699712,2.3371687,-0.62636614,6.266722,0.14562392,-0.62636614,0.9197645
45.909486799999286,0.4100674613611764,0.0,4.368356139009054,1.6765699,0.0015916824,5.2398963,1.2665025,0.0015916824,0.87154007
46.0827532000003,0.05762954329292131,0.0,1.8173617005081666,0.8800287,0.40186024,2.936942,0.8223992,0.40186024,1.1195804
46.30782519999775,-0.0,-0.0,0.5565253206762641,0.49873924,0.35328102,1.8752564,0.49873924,0.35328102,1.3187311
46.510972899999615,-0.0,-0.0,0.2417330210109665,0.4437418,0.37152195,1.6670423,0.4437418,0.37152195,1.4253092
46.76231519999783,-0.0,-0.0,0.13591966085471743,0.32057762,0.37681484,1.4916624,0.32057762,0.37681484,1.3557427
46.978648299998895,-0.0,-0.0,0.17308672594957708,0.38164377,0.44207335,1.5643921,0.38164377,0.44207335,1.3913053
47.209508100000676,-0.0,-0.0,0.27125093013191964,0.33599424,0.39205074,1.5603135,0.33599424,0.39205074,1.2890625
47.42533969999931,-0.0,-0.0,0.3677480092574432,0.33813715,0.39313793,1.4916012,0.33813715,0.39313793,1.1238532
47.6632967000005,-0.0,-0.0,0.4031498902674417,0.34749937,0.43022156,1.5335965,0.34749937,0.43022156,1.1304467
47.90373609999733,0.18913623458317028,0.0,0.40481699661962967,0.30002546,0.38267183,1.4159486,0.110889226,0.38267183,1.0111316
48.106843099998514,0.9159298674092214,0.0,0.5292629468942761,0.42927313,0.28234386,2.0964818,-0.48665673,0.28234386,1.5672188
48.304461799998535,1.804038317024986,0.0,0.8572941412245059,0.6887083,0.2444973,3.2334576,-1.11533,0.2444973,2.3761635
48.493207899999106,2.38792806395,0.0,1.772349230450899,1.0303507,0.20581341,3.8966022,-1.3575773,0.20581341,2.1242528
48.68265439999959,2.6965305336000633,0.0,2.689659798902364,1.324616,0.13687658,4.319703,-1.3719146,0.13687658,1.6300433
48.93295389999912,2.7938454914208988,0.0,3.182540293210851,1.5273657,-0.04674816,4.794064,-1.2664797,-0.04674816,1.6115239
49.19670179999957,2.943762959286618,0.0,3.500176650725046,1.7124987,-0.09023571,5.0564537,-1.2312644,-0.09023571,1.556277
49.48224779999873,3.2576257697233983,0.0,3.820754573329566,1.8244262,-0.14895487,5.1825786,-1.4331996,-0.14895487,1.361824
49.69168229999923,3.3715980244576946,0.0,3.962460259273073,1.9961014,-0.17909145,5.3976274,-1.3754966,-0.17909145,1.4351671
49.90300699999716,3.7512140472691033,0.0,4.128094106294191,2.1236706,-0.40743065,5.5448303,-1.6275434,-0.40743065,1.4167361
50.14985979999983,4.156254601638501,0.0,4.381398803390116,1.9451737,-0.31794977,5.8775134,-2.211081,-0.31794977,1.4961147
50.362716999999975,4.348254496523862,0.0,5.2135881874282894,2.0894995,-0.27899218,5.902958,-2.2587552,-0.27899218,0.6893697
50.57440289999795,4.2746106233321095,0.0,5.514356858339483,2.0427132,-0.42465162,5.8491583,-2.2318974,-0.42465162,0.3348012
50.76224309999816,4.20535051709967,0.0,5.630074778876187,1.9408331,-0.46462917,5.4912515,-2.2645173,-0.46462917,-0.13882351
51.019072699997196,4.168528730140841,0.0,5.6175226247385925,1.7687588,-0.3211379,5.5889173,-2.3997698,-0.3211379,-0.028605461
51.213130699998146,4.247432644845215,0.0,5.661064012976602,1.8042226,-0.38666153,5.5245028,-2.4432101,-0.38666153,-0.1365614
51.40870929999801,4.246555771743714,0.0,5.692935507112247,2.0188193,-0.46545982,5.952761,-2.2277365,-0.46545982,0.2598257
51.595529300000635,4.321076518036968,0.0,5.735201987700974,2.2406144,-0.44125843,6.026892,-2.080462,-0.44125843,0.29169035
51.7974850999999,4.290391346418165,0.0,5.742458785982611,2.0991488,-0.40853548,5.8117104,-2.1912427,-0.40853548,0.06925154
52.04195619999882,4.350884517280173,0.0,5.809143638618322,2.554144,-0.5325327,6.348657,-1.7967405,-0.5325327,0.5395136
52.23495980000007,4.337733814950428,0.0,5.757953403032818,2.6304598,-0.5559006,6.5843444,-1.707274,-0.5559006,0.8263912
52.43109329999788,4.340364134980835,0.0,5.644686537342972,2.6133556,-0.5668144,6.624588,-1.7270083,-0.5668144,0.9799013
52.624775399999635,4.2097339847848865,0.0,5.64664797976865,2.418109,-0.59867954,6.544065,-1.791625,-0.59867954,0.89741707
52.846170699998765,4.092254836192779,0.0,5.610756037426328,2.8036828,-0.57110596,6.6432137,-1.2885718,-0.57110596,1.0324578
53.03712619999715,4.187816347084708,0.0,5.494645469275573,2.5797834,-0.53558874,6.5858884,-1.6080327,-0.53558874,1.0912428
53.25813239999843,4.238665410200687,0.0,5.461499067490648,2.5261478,-0.5416002,6.323353,-1.7125177,-0.5416002,0.8618536
53.445531199999095,4.3920900711983135,0.0,5.447181794734401,2.61514,-0.71624327,6.5335665,-1.7769499,-0.71624327,1.0863848
53.696760599999834,4.294775113377478,0.0,5.4750322421151765,2.75811,-0.6518078,6.6466103,-1.536665,-0.6518078,1.1715779
53.88716989999739,4.297405134133788,0.0,5.496410587894226,2.6931162,-0.623374,6.546586,-1.604289,-0.623374,1.0501757
54.125430599997344,4.278117517189921,0.0,5.4582633159638805,2.846971,-0.5935893,6.884086,-1.4311466,-0.5935893,1.4258227
54.383842499999446,4.367542113467729,0.0,5.41678093350687,2.6857991,-0.61410093,6.4715433,-1.6817431,-0.61410093,1.0547624
54.630235199998424,4.375432475010757,0.0,5.427175919959953,2.5082202,-0.506505,6.395183,-1.8672123,-0.506505,0.9680071
54.84857859999829,4.381569389624879,0.0,5.46650053618426,2.81254,-0.65270996,7.069854,-1.5690293,-0.65270996,1.603353
55.100851799998054,4.5490213267796555,0.0,5.537598484640698,2.6528478,-0.6167121,6.617463,-1.8961735,-0.6167121,1.0798645
55.30124069999874,4.551651347535966,0.0,5.555446593182443,2.595481,-0.7351966,6.285966,-1.9561706,-0.7351966,0.7305193
55.52529429999777,4.545514432921844,0.0,5.673812490921222,2.703874,-0.59904575,6.4210486,-1.8416405,-0.59904575,0.74723625
55.726449399997364,4.538500645206221,0.0,5.780606656461149,2.7616758,-0.7151294,6.796636,-1.776825,-0.7151294,1.0160294
55.918227499998466,4.62880211458553,0.0,5.893480275988752,2.97021,-0.6677017,6.930088,-1.6585922,-0.6677017,1.0366077
56.16019299999971,4.722610178548554,0.0,5.944964997284794,2.7224274,-0.6650324,6.7381325,-2.0001826,-0.6650324,0.7931676
56.366965499997605,4.780473029380155,0.0,5.947319087324523,2.7650647,-0.5412812,6.6183515,-2.0154085,-0.5412812,0.6710324
56.54436340000029,4.819048263267889,0.0,6.040775803498755,2.8906736,-0.59916306,7.1306853,-1.9283748,-0.59916306,1.0899096
56.74979149999854,3.7994330896287707,0.0,6.16561380283926,2.6221843,-0.6486635,6.516691,-1.1772487,-0.6486635,0.35107756
57.0385690999974,0.5143960946698489,0.0,5.848664578649654,2.1098824,-0.4244547,5.493372,1.5954863,-0.4244547,-0.3552928
57.242722799997864,-0.0,-0.0,1.719883937579066,0.5447502,0.21407032,1.7943058,0.5447502,0.21407032,0.07442188
57.48892759999944,-0.0,-0.0,0.10414623509943007,0.38637543,0.31105423,1.4856758,0.38637543,0.31105423,1.3815296
57.72280259999752,-0.0,-0.0,0.0083356217769766,0.2633624,0.33683872,0.8003673,0.2633624,0.33683872,0.79203165
57.92726629999743,-0.0,-0.0,0.008237555150178053,0.30211544,0.4055028,0.8906188,0.30211544,0.4055028,0.88238126
58.13494969999738,-0.0,-0.0,0.008237555150178053,0.30612707,0.38159752,1.0181803,0.30612707,0.38159752,1.0099427
58.32236399999965,-0.0,-0.0,0.0083356217769766,0.24859333,0.3773713,0.9839766,0.24859333,0.3773713,0.97564095
58.516306800000166,-0.0,-0.0,0.0083356217769766,0.23046207,0.3289852,0.77277756,0.23046207,0.3289852,0.7644419
58.71844330000022,-0.0,-0.0,0.008237555150178053,0.30188608,0.3888235,1.0377591,0.30188608,0.3888235,1.0295215
59.033262699998886,-0.0,-0.0,0.008237555150178053,0.29203844,0.40248156,0.94121563,0.29203844,0.40248156,0.9329781
59.25707079999847,-0.0,-0.0,0.008237555150178053,0.34505653,0.46288395,1.0904292,0.34505653,0.46288395,1.0821916
59.502253599999676,0.05412270087284511,0.0,0.003922645490531366,0.35234213,0.43553782,1.195757,0.29821944,0.43553782,1.1918343
59.734593699999095,0.9922037613572844,0.0,0.17210606085063104,0.35210705,0.27566004,1.8376213,-0.6400967,0.27566004,1.6655153
59.937578799999756,2.068805212000598,0.0,1.261718939141229,0.81257915,0.22895575,3.526215,-1.2562261,0.22895575,2.264496
60.210217199997714,2.740366108274514,0.0,2.2635626184071977,1.2213297,0.13230371,4.0444684,-1.5190365,0.13230371,1.7809057
60.42575120000038,3.418940492989957,0.0,3.2201976534459216,1.5245142,0.101993084,4.7508106,-1.8944263,0.101993084,1.530613
60.70156869999846,3.697734664122719,0.0,3.960400954217978,1.5513825,0.0022621155,4.669281,-2.146352,0.0022621155,0.70887995
60.92195179999908,3.7775154519285934,0.0,4.290001092996883,1.893836,-0.079524994,5.0826693,-1.8836794,-0.079524994,0.79266834
61.15649619999749,3.696858090295314,0.0,4.485152643388013,2.0303507,-0.1999588,5.0749373,-1.6665075,-0.1999588,0.5897846
61.40865699999995,3.8231044735319504,0.0,4.599988303889487,2.0578594,-0.30978107,5.279906,-1.765245,-0.30978107,0.67991734
61.629390099999,4.044035494559015,0.0,4.809359563681544,2.2365193,-0.41017914,5.359703,-1.8075161,-0.41017914,0.5503435
61.8712123999976,4.250062665601526,0.0,4.979406207249294,2.3794785,-0.5151949,5.757798,-1.870584,-0.5151949,0.77839184
62.09270619999734,4.368418687295134,0.0,5.064135492233775,2.1479106,-0.3965559,5.4041915,-2.220508,-0.3965559,0.34005594
62.30441199999768,4.317569624179156,0.0,5.121895991324518,2.4057121,-0.6109433,5.6401024,-1.9118576,-0.6109433,0.5182066
62.64679079999769,4.254446432560838,0.0,5.06727308185703,2.1330023,-0.38696432,5.5491457,-2.1214442,-0.38696432,0.48187256
62.91969260000042,4.132583517009418,0.0,4.8517239068996885,2.3258362,-0.6115742,6.1851807,-1.8067474,-0.6115742,1.333457
63.1605098,4.145734219339163,0.0,4.8315223068664075,2.312148,-0.63848877,5.495107,-1.8335862,-0.63848877,0.6635847
63.38073799999984,4.372802454254447,0.0,4.930863350317673,2.2287269,-0.6153679,5.7132874,-2.1440754,-0.6153679,0.782424
63.630449000000226,4.64545941149899,0.0,5.278606083348861,2.5025778,-0.7399864,6.2630444,-2.1428814,-0.7399864,0.9844384
63.86858410000059,4.741897795492421,0.0,5.471207519167333,2.4876337,-0.49634266,6.1695485,-2.2542639,-0.49634266,0.6983409
64.07949050000025,4.775212688593438,0.0,5.44973101148477,2.6264029,-0.7714472,6.598379,-2.14881,-0.7714472,1.1486483
64.30819749999864,4.768199200151911,0.0,5.452280826783333,2.5535212,-0.55007076,6.4958134,-2.2146778,-0.55007076,1.0435324
64.55334319999747,4.703322561604687,0.0,5.405601250373877,2.3781776,-0.67918205,6.3432846,-2.3251448,-0.67918205,0.9376836
64.78932200000054,4.670884242331075,0.0,5.448456702383681,2.4791284,-0.6121974,6.072082,-2.1917558,-0.6121974,0.6236253
65.00242219999927,4.713842943904026,0.0,5.435217414921499,2.614254,-0.63082933,6.4938993,-2.0995889,-0.63082933,1.058682
65.22481209999751,4.714719817005526,0.0,5.369219097062184,2.5791268,-0.65256214,6.730213,-2.135593,-0.65256214,1.3609939
65.41701269999976,4.655980093072425,0.0,5.382752271686713,2.5251465,-0.7540746,6.51983,-2.1308336,-0.7540746,1.1370778
65.61121979999734,4.639322496884868,0.0,5.492390139687549,2.686533,-0.62319374,6.7376184,-1.9527893,-0.62319374,1.2452283
65.81561959999817,4.766445753223005,0.0,5.4723848634612935,2.665145,-0.58206034,6.5877953,-2.1013007,-0.58206034,1.1154103
66.02149279999867,4.570062390652428,0.0,5.365688859824878,2.8873353,-0.6713109,6.977095,-1.6827269,-0.6713109,1.6114063
66.21615129999918,4.345624176493455,0.0,5.187993069635538,2.7841945,-0.76462793,7.293448,-1.5614295,-0.76462793,2.105455
66.4307306999981,2.7833248098474646,0.0,5.314792511401721,2.5916476,-0.85227585,6.51717,-0.1916771,-0.85227585,1.2023773
66.68699310000011,0.8975188991112834,0.0,4.421115468680282,2.2212644,-0.7050805,5.2997165,1.3237455,-0.7050805,0.8786011
66.93682629999967,-0.0,-0.0,2.20403640214961,1.2151899,-0.09169388,3.2244146,1.2151899,-0.09169388,1.0203781
67.18808939999872,-0.0,-0.0,0.20123171515478439,0.4299507,0.3632331,1.5631616,0.4299507,0.3632331,1.3619299
67.42005710000012,-0.0,-0.0,0.006570431262398507,0.3065405,0.4171853,1.2001426,0.3065405,0.4171853,1.1935722
67.63780219999899,-0.0,-0.0,0.008139489107899222,0.31601334,0.42367935,1.1693643,0.31601334,0.42367935,1.1612248
67.88104889999886,-0.0,-0.0,0.008139489107899222,0.37291336,0.4424882,1.1070201,0.37291336,0.4424882,1.0988806
68.09014770000067,-0.0,-0.0,0.008139489107899222,0.21715641,0.33066082,1.111453,0.21715641,0.33066082,1.1033136
68.3474193999973,-0.0,-0.0,0.008139489107899222,0.2885189,0.39817524,1.1783553,0.2885189,0.39817524,1.1702158
68.55834849999883,-0.0,-0.0,0.008139489107899222,0.3184719,0.46653938,1.2732575,0.3184719,0.46653938,1.265118
68.8252388999972,-0.0,-0.0,0.022359078682283085,0.31381512,0.43342352,1.1397789,0.31381512,0.43342352,1.1174197
69.02912949999882,0.0225610957113706,0.0,0.0737457339360463,0.3675599,0.32892036,1.5747423,0.3449988,0.32892036,1.5009966
69.25438379999832,0.3118758174851499,0.0,0.2566390781419796,0.5611229,0.20082378,2.272418,0.24924707,0.20082378,2.015779
69.47066569999879,0.5161495415987546,0.0,0.9987054910945223,0.6221156,0.17014027,3.068534,0.10596609,0.17014027,2.0698285
69.7410366999975,0.8212450799817445,0.0,1.949064449064449,0.9435139,0.019589424,4.268943,0.122268796,0.019589424,2.3198783
69.95220309999786,1.0535735060466966,0.0,3.4921351557635,1.5588689,-0.10641146,5.3716745,0.5052954,-0.10641146,1.8795395
70.1417423999992,1.0947789851463132,0.0,3.9552034609914366,1.6575851,-0.14210272,5.6848717,0.5628061,-0.14210272,1.7296681
70.37427229999957,1.203491123549464,0.0,4.2931392811683295,1.8628497,-0.22906208,5.903115,0.6593586,-0.22906208,1.6099753
70.57538489999934,1.2657375917033291,0.0,4.615678945472624,1.6888895,-0.16634417,6.095567,0.42315197,-0.16634417,1.4798884
70.8330747,1.3534087410522313,0.0,4.823677135711887,2.1325274,-0.16441298,6.6305847,0.77911866,-0.16441298,1.8069077
71.04254969999965,1.4244224438506252,0.0,4.802396652562254,2.1302323,-0.119576454,6.3390837,0.70580983,-0.119576454,1.5366869
71.26890799999819,1.7514356573430545,0.0,4.657847264157839,2.06602,-0.34704542,6.4082937,0.31458437,-0.34704542,1.7504463
71.48505379999915,2.7570234051879745,0.0,4.7164909211061,2.3079424,-0.45719242,6.891803,-0.44908094,-0.45719242,2.175312
71.67348449999918,3.285680322037698,0.0,5.07345129629641,2.1295948,-0.45432758,6.5545983,-1.1560855,-0.45432758,1.4811468
71.88093590000062,3.532913046998349,0.0,5.417271144476241,2.3608012,-0.3610654,6.43522,-1.1721117,-0.3610654,1.0179486
72.11331909999717,3.717899154168087,0.0,5.339897418225101,2.2778916,-0.6178684,5.688844,-1.4400074,-0.6178684,0.34894657
72.3296150999995,3.787159260400527,0.0,4.9254698325582025,2.4551225,-0.5610299,6.6091366,-1.3320367,-0.5610299,1.6836667
72.53520410000056,3.8485290050899392,0.0,4.820146599200485,2.602036,-0.40205002,6.5979724,-1.2464931,-0.40205002,1.7778258
72.73488580000048,3.8958714736222015,0.0,4.851527882366759,2.7862697,-0.65650654,6.64926,-1.1096017,-0.65650654,1.7977324
72.98281329999736,3.9309398136521243,0.0,4.659906569212934,2.7365994,-0.7010317,6.6513243,-1.1943405,-0.7010317,1.9914179
73.19392700000026,3.9090221759519466,0.0,4.553602913916474,2.8808575,-0.7888341,6.6056304,-1.0281646,-0.7888341,2.0520277
73.42906579999908,3.925679472865407,0.0,4.532911102913821,2.622933,-0.58047104,6.1366487,-1.3027465,-0.58047104,1.6037374
73.63816129999759,3.8853507920487673,0.0,4.519279766385779,2.5873466,-0.6287918,6.6572614,-1.2980042,-0.6287918,2.1379814
73.86661429999731,3.9291863667232185,0.0,4.4932923002530725,2.8849096,-0.8426876,6.7905,-1.0442767,-0.8426876,2.2972078
74.07035209999958,3.936200154438841,0.0,4.470148536581274,2.7638817,-0.58683205,6.83119,-1.1723185,-0.58683205,2.3610415
74.27866299999732,3.921296005180191,0.0,4.500058887565337,2.557053,-0.71770716,6.570621,-1.364243,-0.71770716,2.0705624
74.52151669999876,3.8985014943785123,0.0,4.531047822391655,2.4757395,-0.62351704,6.4917636,-1.4227619,-0.62351704,1.9607158
74.76090069999918,3.9598712390679247,0.0,4.599694117453045,2.7457657,-0.7712889,6.7137833,-1.2141056,-0.7712889,2.114089
75.05508109999937,3.9598712390679247,0.0,4.599595955549532,3.0676975,-0.7624669,6.950133,-0.89217377,-0.7624669,2.3505368
75.2600894999996,4.073843793076317,0.0,4.567528436880957,2.9392452,-0.7263975,6.931944,-1.1345987,-0.7263975,2.3644156
75.46507709999787,4.125569729293796,0.0,4.58204203344423,2.8597221,-0.73588324,7.0582514,-1.2658477,-0.73588324,2.4762092
75.67666950000057,4.126446602395296,0.0,4.649805769196293,2.7521129,-0.6551962,6.9259667,-1.3743339,-0.6551962,2.2761612
75.86023019999993,4.19395326169883,0.0,4.7333583084350055,2.6899667,-0.7766266,6.9054203,-1.5039864,-0.7766266,2.172062
76.0746502999973,4.174665644754963,0.0,4.772094252512332,2.703426,-0.63904333,6.6219997,-1.4712396,-0.63904333,1.8499055
76.27800699999716,4.178172538612775,0.0,4.778664815291667,2.734645,-0.72289896,6.9387865,-1.4435277,-0.72289896,2.160122
76.48230639999747,4.016857516072121,0.0,4.739830410036732,2.6222687,-0.7078109,6.687481,-1.394589,-0.7078109,1.9476504
76.7146016000006,3.7477071534112922,0.0,4.6591221718071205,2.6672316,-0.86127615,6.8764343,-1.0804756,-0.86127615,2.2173123
76.92827599999873,2.9902285547173797,0.0,4.751990814382563,2.7078686,-0.76209974,6.9083424,-0.28236008,-0.76209974,2.1563516
77.18062239999927,2.3712706173994915,0.0,5.263111466298653,2.5783596,-0.8110633,6.658747,0.20708895,-0.8110633,1.3956356
77.41123639999932,2.2125857652521956,0.0,6.191993617311922,2.6225734,-0.6442299,7.0839043,0.4099877,-0.6442299,0.89191055
77.72690890000013,2.187161233694207,0.0,6.767348067016865,2.325718,-0.7208195,6.6995625,0.13855672,-0.7208195,-0.06778574
77.95244379999713,2.222229573724129,0.0,7.10969668374039,2.469284,-0.7048507,6.871547,0.24705458,-0.7048507,-0.23814964
78.17929619999995,2.2195995529678183,0.0,7.097634740572167,2.5513296,-0.59230614,6.989636,0.33173013,-0.59230614,-0.10799885
78.36627619999854,2.2572980633910995,0.0,7.087141592215572,2.4658966,-0.5898471,7.2345705,0.20859861,-0.5898471,0.14742899
78.60786720000033,2.3177910846160588,0.0,7.106460333665431,2.5389652,-0.44552135,7.213264,0.22117424,-0.44552135,0.10680342
78.85473959999945,2.3405855954177373,0.0,7.132448099072233,2.674058,-0.53991127,7.365841,0.33347225,-0.53991127,0.23339272
79.19238679999762,2.3397088719532846,0.0,7.204428906112095,2.520731,-0.42366076,7.418719,0.18102217,-0.42366076,0.21429014
79.42647209999996,2.309900723073031,0.0,7.428019576030982,2.5432878,-0.6205988,7.3027186,0.233387,-0.6205988,-0.12530088
79.65803559999767,2.2511611487769776,0.0,7.511669678625015,2.4549828,-0.45105696,7.055034,0.20382166,-0.45105696,-0.45663548
79.86059889999888,2.2055721271736206,0.0,7.569528938167463,2.5020747,-0.6073046,7.106986,0.2965026,-0.6073046,-0.462543
80.15823249999812,2.1494625736338775,0.0,7.665437307736744,2.2567806,-0.40761518,7.5271983,0.10731816,-0.40761518,-0.1382389
80.3798962999972,2.1643667228925283,0.0,7.835386088675078,2.3009877,-0.5099406,7.4283986,0.136621,-0.5099406,-0.40698767
80.63506679999773,2.103873552030521,0.0,7.916388812615228,2.1238632,-0.4370942,7.431551,0.019989729,-0.4370942,-0.484838
80.91395759999796,2.01970929653943,0.0,8.108990846981893,2.3520727,-0.4403515,7.667232,0.33236337,-0.4403515,-0.44175863
81.12689659999887,1.8969698071606054,0.0,8.29845469317711,2.1644802,-0.34460974,7.9816055,0.2675104,-0.34460974,-0.31684875
81.32439750000049,1.9469422964491785,0.0,8.457223790982452,2.342411,-0.61140823,8.165935,0.3954687,-0.61140823,-0.29128933
81.50816159999886,1.8978465306250583,0.0,8.632271603969718,2.099667,-0.38920307,8.154819,0.2018205,-0.38920307,-0.47745323
81.70766919999733,0.830012164989225,0.0,8.419664293376798,2.6070256,-0.8686447,6.7872868,1.7770135,-0.8686447,-1.6323776
81.92296989999886,0.15056093522922787,0.0,5.451888777717474,2.4643068,-0.61744976,6.2417784,2.313746,-0.61744976,0.7898898
82.10122319999937,-0.0,-0.0,1.5596437579544662,0.6618619,0.36303234,2.471225,0.6618619,0.36303234,0.9115813
82.35190849999708,-0.0,-0.0,0.08316007867097172,0.3850422,0.29260588,1.512559,0.3850422,0.29260588,1.429399
82.57166189999771,-0.0,-0.0,0.013140862524797015,0.45246363,0.3428979,1.6618603,0.45246363,0.3428979,1.6487194
82.75876289999724,-0.0,-0.0,0.008139489107899222,0.3558116,0.4147377,1.4656091,0.3558116,0.4147377,1.4574696
82.95655260000058,-0.0,-0.0,0.008041423065620392,0.3091998,0.30638504,1.2224971,0.3091998,0.30638504,1.2144557
83.1775658000006,-0.0,-0.0,0.008041423065620392,0.37674856,0.3661785,1.4076328,0.37674856,0.3661785,1.3995914
83.45523409999805,-0.0,-0.0,0.008041423065620392,0.3219986,0.35344362,1.2264265,0.3219986,0.35344362,1.2183851
83.63684179999836,-0.0,-0.0,0.008041423065620392,0.3699231,0.42183876,1.0191965,0.3699231,0.42183876,1.0111551
83.84408919999987,-0.0,-0.0,0.008041423065620392,0.38118887,0.45836544,1.1412929,0.38118887,0.45836544,1.1332515
84.043634499998,-0.0,-0.0,0.008041423065620392,0.33193302,0.4769888,1.1110617,0.33193302,0.4769888,1.1030203
84.2736490999996,0.766888973370907,0.0,0.007943357023341563,0.6219187,0.30924702,2.4886518,-0.1449703,0.30924702,2.4807084
84.53624739999941,2.1363118713041325,0.0,0.7432432522214661,1.3178821,-0.15337181,3.6871057,-0.8184297,-0.15337181,2.9438624
84.75958389999869,2.7999824060350207,0.0,2.1627504931366732,1.4313107,-0.0029115677,4.4549026,-1.3686717,-0.0029115677,2.2921522
85.01493389999814,3.3251324290269326,0.0,3.9335306295018486,1.9193211,-0.13388252,5.2205772,-1.4058113,-0.13388252,1.2870467
85.26879009999902,3.609186940946412,0.0,4.361099041453322,2.1729212,-0.11036968,5.4190264,-1.4362657,-0.11036968,1.0579271
85.46785140000065,3.7634878764973476,0.0,4.610775638682525,2.2254782,-0.10123682,5.6965065,-1.5380096,-0.10123682,1.085731
85.65440549999767,3.867816622033806,0.0,4.529086379965977,2.8858585,-0.63452053,6.188619,-0.98195815,-0.63452053,1.6595325
85.8363963999982,3.9353232813373404,0.0,4.378162752589253,2.9380264,-0.64963627,6.2047286,-0.9972968,-0.64963627,1.8265657
86.02001629999722,4.018610963001026,0.0,4.32461842696402,2.397328,-0.080108166,5.815532,-1.621283,-0.080108166,1.4909139
86.25876369999969,4.077350686934128,0.0,4.273624215911445,2.444425,-0.08252764,6.083848,-1.6329255,-0.08252764,1.8102236
86.4378343999997,4.115049346994457,0.0,4.276271893839424,2.916215,-0.5101242,6.2684846,-1.1988344,-0.5101242,1.9922128
86.63334589999795,4.113295900065551,0.0,4.3183423498952225,2.692864,-0.1850934,6.2531986,-1.4204321,-0.1850934,1.9348564
86.82536919999984,4.267597134890583,0.0,4.370415444064149,3.0361204,-0.6391525,6.5489883,-1.2314768,-0.6391525,2.1785731
87.05682179999712,4.38507628348269,0.0,4.446809047650642,3.1828318,-0.7713933,6.640336,-1.2022443,-0.7713933,2.1935272
87.27834869999788,4.485898135161338,0.0,4.570568463148891,2.5754938,-0.10617733,6.0997486,-1.9104042,-0.10617733,1.52918
87.52267360000042,4.218501219429415,0.0,4.544580997016185,3.0669365,-0.6425581,6.492929,-1.1515646,-0.6425581,1.948348
87.78128730000026,4.101021771563211,0.0,4.295983282903334,3.0183678,-0.67283106,6.5784407,-1.082654,-0.67283106,2.2824574
88.033610399998,4.4376790928016705,0.0,3.752991136851599,2.6641707,-0.17123175,6.315632,-1.7735085,-0.17123175,2.5626407
88.25226399999883,4.872527646414273,0.0,4.242438957278101,2.7278337,-0.19728756,6.5881996,-2.1446939,-0.19728756,2.3457608
88.52046729999711,4.976856391950732,0.0,4.843486387405213,2.7836032,-0.31686068,6.735838,-2.193253,-0.31686068,1.8923516
88.72625999999946,4.9601987957631755,0.0,5.132683625391652,2.6230955,-0.29254246,6.614494,-2.3371034,-0.29254246,1.4818101
88.95893799999976,4.897952477246358,0.0,5.240752100032669,2.75875,-0.30006218,7.2355347,-2.1392026,-0.30006218,1.9947824
89.17445120000048,5.096088987471745,0.0,5.39706954444296,2.9027772,-0.37314034,6.8091826,-2.1933117,-0.37314034,1.4121132
89.41679949999889,5.254773689981993,0.0,5.402855709816482,2.8925424,-0.4020877,7.0458345,-2.3622313,-0.4020877,1.6429787
89.62141250000059,5.350335500148019,0.0,5.528968616806268,2.8536272,-0.31901932,6.8964024,-2.4967084,-0.31901932,1.3674335
89.86655830000018,5.265294371555427,0.0,5.613991788953095,2.8639455,-0.37469006,7.2915125,-2.401349,-0.37469006,1.6775208
90.0518247,5.237239819241128,0.0,5.624877584923742,3.0429153,-0.54427767,7.1340065,-2.1943245,-0.54427767,1.509129
90.26506019999943,4.991760541209382,0.0,5.7155887605405775,2.8462725,-0.44604158,6.96021,-2.1454883,-0.44604158,1.2446213
90.4540565999996,3.717022281066586,0.0,5.694307978116848,2.8512154,-0.38360643,6.6843133,-0.8658068,-0.38360643,0.9900055
90.63975859999846,1.7032166149833872,0.0,5.35833389963973,3.0951004,-0.8266487,6.256189,1.3918837,-0.8266487,0.8978548
90.85581289999755,0.9054093354728351,0.0,3.5817674482639843,2.8254862,-0.65982914,5.6734514,1.9200768,-0.65982914,2.0916839
91.13513819999935,0.11812262530793151,0.0,1.9888792762581273,2.2481465,-0.47530556,4.4883723,2.130024,-0.47530556,2.4994931
91.3593406,-0.0,-0.0,0.7307888110762406,0.45308876,0.34537315,1.7059273,0.45308876,0.34537315,0.9751384
91.57813289999831,-0.0,-0.0,0.027458517556939985,0.47446203,0.4929495,1.6330935,0.47446203,0.4929495,1.6056349
91.82045259999722,-0.0,-0.0,0.008237555150178053,0.35637617,0.41398525,1.3006614,0.35637617,0.41398525,1.2924238
92.01908629999889,-0.0,-0.0,0.007845290981062732,0.3450451,0.42006207,1.203572,0.3450451,0.42006207,1.1957268
92.23875729999781,-0.0,-0.0,0.007943357023341563,0.3902297,0.44229317,1.2646544,0.3902297,0.44229317,1.256711
92.42317799999728,-0.0,-0.0,0.007943357023341563,0.36869287,0.4707384,1.3581859,0.36869287,0.4707384,1.3502425
92.61811929999749,-0.0,-0.0,0.008041423065620392,0.2887802,0.41212463,1.0777338,0.2887802,0.41212463,1.0696924
92.81933749999735,-0.0,-0.0,0.008139489107899222,0.29325676,0.41294003,1.2453083,0.29325676,0.41294003,1.2371688
93.09811139999874,-0.0,-0.0,0.008139489107899222,0.2618165,0.42726278,1.0143077,0.2618165,0.42726278,1.0061682
93.29911720000018,-0.0,-0.0,0.008041423065620392,0.28486443,0.41106606,0.93785346,0.28486443,0.41106606,0.929812
93.5423950000004,-0.0,-0.0,0.007943357023341563,0.3656721,0.37584352,1.2627763,0.3656721,0.37584352,1.2548329
93.72280490000048,-0.0,-0.0,0.008041423065620392,0.31018925,0.3777318,0.994046,0.31018925,0.3777318,0.98600453
